[
  {
    "oscar_year":2014,
    "title":"12 Years a Slave",
    "year":2013,
    "rating":8.2,
    "budget":20000000,
    "budget_adj":20000000
  },
  {
    "oscar_year":2013,
    "title":"Argo",
    "year":2012,
    "rating":7.8,
    "budget":44500000,
    "budget_adj":45390000
  },
  {
    "oscar_year":2012,
    "title":"The Artist",
    "year":2011,
    "rating":8,
    "budget":15000000,
    "budget_adj":15600000
  },
  {
    "oscar_year":2011,
    "title":"The King's Speech",
    "year":2010,
    "rating":8.1,
    "budget":15000000,
    "budget_adj":16050000
  },
  {
    "oscar_year":2010,
    "title":"The Hurt Locker",
    "year":2008,
    "rating":7.6,
    "budget":15000000,
    "budget_adj":16350000
  },
  {
    "oscar_year":2009,
    "title":"Slumdog Millionaire",
    "year":2008,
    "rating":8.1,
    "budget":15000000,
    "budget_adj":16350000
  },
  {
    "oscar_year":2008,
    "title":"No Country for Old Men",
    "year":2007,
    "rating":8.2,
    "budget":25000000,
    "budget_adj":28250000
  },
  {
    "oscar_year":2007,
    "title":"The Departed",
    "year":2006,
    "rating":8.5,
    "budget":90000000,
    "budget_adj":104400000
  },
  {
    "oscar_year":2006,
    "title":"Crash",
    "year":2004,
    "rating":8.3,
    "budget":6500000,
    "budget_adj":8060000
  },
  {
    "oscar_year":2005,
    "title":"Million Dollar Baby",
    "year":2004,
    "rating":8.3,
    "budget":30000000,
    "budget_adj":37200000
  },
  {
    "oscar_year":2004,
    "title":"The Lord of the Rings: The Return of the King",
    "year":2003,
    "rating":9,
    "budget":94000000,
    "budget_adj":119380000
  },
  {
    "oscar_year":2003,
    "title":"Chicago",
    "year":2002,
    "rating":7.5,
    "budget":45000000,
    "budget_adj":58500000
  },
  {
    "oscar_year":2002,
    "title":"A Beautiful Mind",
    "year":2001,
    "rating":7.8,
    "budget":60000000,
    "budget_adj":79200000
  },
  {
    "oscar_year":2001,
    "title":"Gladiator",
    "year":2000,
    "rating":8,
    "budget":103000000,
    "budget_adj":140080000
  },
  {
    "oscar_year":2000,
    "title":"American Beauty",
    "year":1999,
    "rating":8.5,
    "budget":15000000,
    "budget_adj":21000000
  },
  {
    "oscar_year":1999,
    "title":"Shakespeare in Love",
    "year":1998,
    "rating":7.5,
    "budget":25000000,
    "budget_adj":35750000
  },
  {
    "oscar_year":1998,
    "title":"Titanic",
    "year":1997,
    "rating":6.9,
    "budget":200000000,
    "budget_adj":292000000
  },
  {
    "oscar_year":1997,
    "title":"The English Patient",
    "year":1996,
    "rating":7.1,
    "budget":27000000,
    "budget_adj":40230000
  },
  {
    "oscar_year":1996,
    "title":"Braveheart",
    "year":1995,
    "rating":8.3,
    "budget":53000000,
    "budget_adj":81090000
  },
  {
    "oscar_year":1995,
    "title":"Forrest Gump",
    "year":1994,
    "rating":8.2,
    "budget":55000000,
    "budget_adj":86900000
  },
  {
    "oscar_year":1994,
    "title":"Schindler's List",
    "year":1993,
    "rating":8.8,
    "budget":25000000,
    "budget_adj":40500000
  },
  {
    "oscar_year":1993,
    "title":"Unforgiven",
    "year":1992,
    "rating":8.1,
    "budget":14400000,
    "budget_adj":24048000
  },
  {
    "oscar_year":1992,
    "title":"The Silence of the Lambs",
    "year":1991,
    "rating":8.5,
    "budget":19000000,
    "budget_adj":32680000
  },
  {
    "oscar_year":1991,
    "title":"Dances With Wolves",
    "year":1990,
    "rating":7.8,
    "budget":19000000,
    "budget_adj":34010000
  },
  {
    "oscar_year":1990,
    "title":"Driving Miss Daisy",
    "year":1989,
    "rating":7.4,
    "budget":7500000,
    "budget_adj":14175000
  },
  {
    "oscar_year":1989,
    "title":"Rain Man",
    "year":1988,
    "rating":7.9,
    "budget":25000000,
    "budget_adj":49500000
  },
  {
    "oscar_year":1988,
    "title":"The Last Emperor",
    "year":1987,
    "rating":7.7,
    "budget":25000000,
    "budget_adj":51500000
  },
  {
    "oscar_year":1987,
    "title":"Platoon",
    "year":1986,
    "rating":8.1,
    "budget":6000000,
    "budget_adj":12780000
  },
  {
    "oscar_year":1986,
    "title":"Out of Africa",
    "year":1985,
    "rating":6.9,
    "budget":31000000,
    "budget_adj":67270000
  },
  {
    "oscar_year":1985,
    "title":"Amadeus",
    "year":1984,
    "rating":8.3,
    "budget":18000000,
    "budget_adj":40500000
  },
  {
    "oscar_year":1984,
    "title":"Terms of Endearment",
    "year":1983,
    "rating":7.3,
    "budget":8000000,
    "budget_adj":18800000
  },
  {
    "oscar_year":1983,
    "title":"Gandhi",
    "year":1982,
    "rating":8,
    "budget":22000000,
    "budget_adj":53240000
  },
  {
    "oscar_year":1982,
    "title":"Chariots of Fire",
    "year":1981,
    "rating":7.3,
    "budget":5500000,
    "budget_adj":14135000
  },
  {
    "oscar_year":1981,
    "title":"Ordinary People",
    "year":1980,
    "rating":7.9,
    "budget":6000000,
    "budget_adj":17040000
  },
  {
    "oscar_year":1980,
    "title":"Kramer vs. Kramer",
    "year":1979,
    "rating":7.5,
    "budget":0,
    "budget_adj":0
  },
  {
    "oscar_year":1979,
    "title":"The Deer Hunter",
    "year":1978,
    "rating":8.1,
    "budget":15000000,
    "budget_adj":53700000
  },
  {
    "oscar_year":1978,
    "title":"Annie Hall",
    "year":1977,
    "rating":8.3,
    "budget":4000000,
    "budget_adj":15440000
  },
  {
    "oscar_year":1977,
    "title":"Rocky",
    "year":1976,
    "rating":7.8,
    "budget":1100000,
    "budget_adj":4532000
  },
  {
    "oscar_year":1976,
    "title":"One Flew over the Cuckoo's Nest",
    "year":1975,
    "rating":8.7,
    "budget":4400000,
    "budget_adj":19140000
  },
  {
    "oscar_year":1975,
    "title":"The Godfather Part II",
    "year":1974,
    "rating":8.9,
    "budget":13000000,
    "budget_adj":61620000
  },
  {
    "oscar_year":1974,
    "title":"The Sting",
    "year":1973,
    "rating":8.4,
    "budget":5500000,
    "budget_adj":28930000
  },
  {
    "oscar_year":1973,
    "title":"The Godfather",
    "year":1972,
    "rating":9.1,
    "budget":6000000,
    "budget_adj":33540000
  },
  {
    "oscar_year":1972,
    "title":"The French Connection",
    "year":1971,
    "rating":7.8,
    "budget":1800000,
    "budget_adj":10404000
  },
  {
    "oscar_year":1971,
    "title":"Patton",
    "year":1970,
    "rating":8.2,
    "budget":12000000,
    "budget_adj":72240000
  },
  {
    "oscar_year":1970,
    "title":"Midnight Cowboy",
    "year":1969,
    "rating":7.9,
    "budget":3600000,
    "budget_adj":22932000
  },
  {
    "oscar_year":1969,
    "title":"Oliver!",
    "year":1968,
    "rating":7.3,
    "budget":10000000,
    "budget_adj":67100000
  },
  {
    "oscar_year":1968,
    "title":"In the Heat of the Night",
    "year":1967,
    "rating":8,
    "budget":2000000,
    "budget_adj":13980000
  },
  {
    "oscar_year":1967,
    "title":"A Man for All Seasons",
    "year":1966,
    "rating":8,
    "budget":3900000,
    "budget_adj":28041000
  },
  {
    "oscar_year":1966,
    "title":"The Sound of Music",
    "year":1965,
    "rating":7.8,
    "budget":8200000,
    "budget_adj":60762000
  },
  {
    "oscar_year":1965,
    "title":"My Fair Lady",
    "year":1964,
    "rating":7.8,
    "budget":17000000,
    "budget_adj":127840000
  },
  {
    "oscar_year":1964,
    "title":"Tom Jones",
    "year":1963,
    "rating":7.2,
    "budget":1000000,
    "budget_adj":7630000
  },
  {
    "oscar_year":1963,
    "title":"Lawrence of Arabia",
    "year":1962,
    "rating":8.6,
    "budget":15000000,
    "budget_adj":116250000
  },
  {
    "oscar_year":1962,
    "title":"West Side Story",
    "year":1961,
    "rating":7.8,
    "budget":6000000,
    "budget_adj":46860000
  },
  {
    "oscar_year":1961,
    "title":"The Apartment",
    "year":1960,
    "rating":8.4,
    "budget":3000000,
    "budget_adj":23610000
  },
  {
    "oscar_year":1960,
    "title":"Ben-Hur",
    "year":1959,
    "rating":8.2,
    "budget":15900000,
    "budget_adj":128154000
  },
  {
    "oscar_year":1959,
    "title":"Gigi",
    "year":1958,
    "rating":7,
    "budget":3319355,
    "budget_adj":26754001
  },
  {
    "oscar_year":1958,
    "title":"The Bridge on the River Kwai",
    "year":1957,
    "rating":8.4,
    "budget":3000000,
    "budget_adj":24990000
  },
  {
    "oscar_year":1957,
    "title":"Around the World in 80 Days",
    "year":1956,
    "rating":6.8,
    "budget":6000000,
    "budget_adj":51720000
  },
  {
    "oscar_year":1956,
    "title":"Marty",
    "year":1955,
    "rating":7.7,
    "budget":343000,
    "budget_adj":2984100
  },
  {
    "oscar_year":1955,
    "title":"On the Waterfront",
    "year":1954,
    "rating":8.4,
    "budget":910000,
    "budget_adj":7917000
  },
  {
    "oscar_year":1954,
    "title":"From Here to Eternity",
    "year":1953,
    "rating":7.9,
    "budget":1650000,
    "budget_adj":14470500
  },
  {
    "oscar_year":1953,
    "title":"The Greatest Show on Earth",
    "year":1952,
    "rating":6.7,
    "budget":4000000,
    "budget_adj":35400000
  },
  {
    "oscar_year":1952,
    "title":"An American in Paris",
    "year":1951,
    "rating":7.4,
    "budget":2723903,
    "budget_adj":24542366
  },
  {
    "oscar_year":1951,
    "title":"All About Eve",
    "year":1950,
    "rating":8.5,
    "budget":0,
    "budget_adj":0
  },
  {
    "oscar_year":1950,
    "title":"All the King's Men",
    "year":1949,
    "rating":7.6,
    "budget":0,
    "budget_adj":0
  },
  {
    "oscar_year":1949,
    "title":"Hamlet",
    "year":1948,
    "rating":7.8,
    "budget":750000,
    "budget_adj":7282500
  },
  {
    "oscar_year":1948,
    "title":"Gentleman's Agreement",
    "year":1947,
    "rating":7.4,
    "budget":2000000,
    "budget_adj":21060000
  },
  {
    "oscar_year":1947,
    "title":"The Best Years of Our Lives",
    "year":1946,
    "rating":8.4,
    "budget":2100000,
    "budget_adj":25305000
  },
  {
    "oscar_year":1946,
    "title":"The Lost Weekend",
    "year":1945,
    "rating":8.1,
    "budget":1250000,
    "budget_adj":16237500
  },
  {
    "oscar_year":1945,
    "title":"Going My Way",
    "year":1944,
    "rating":7.4,
    "budget":0,
    "budget_adj":0
  },
  {
    "oscar_year":1944,
    "title":"Casablanca",
    "year":1942,
    "rating":8.8,
    "budget":950000,
    "budget_adj":13575500
  },
  {
    "oscar_year":1943,
    "title":"Mrs. Miniver",
    "year":1942,
    "rating":7.6,
    "budget":1344000,
    "budget_adj":19205760
  },
  {
    "oscar_year":1942,
    "title":"How Green Was My Valley",
    "year":1941,
    "rating":7.9,
    "budget":1250000,
    "budget_adj":19837500
  },
  {
    "oscar_year":1941,
    "title":"Rebecca",
    "year":1940,
    "rating":8.3,
    "budget":1288000,
    "budget_adj":21470960
  },
  {
    "oscar_year":1940,
    "title":"Gone with the Wind",
    "year":1939,
    "rating":8.1,
    "budget":3900000,
    "budget_adj":66105000
  },
  {
    "oscar_year":1939,
    "title":"You Can't Take It with You",
    "year":1938,
    "rating":7.8,
    "budget":1644736,
    "budget_adj":27417749
  },
  {
    "oscar_year":1938,
    "title":"The Life of Emile Zola",
    "year":1937,
    "rating":7.4,
    "budget":0,
    "budget_adj":0
  },
  {
    "oscar_year":1937,
    "title":"The Great Ziegfeld",
    "year":1936,
    "rating":7.1,
    "budget":0,
    "budget_adj":0
  },
  {
    "oscar_year":1936,
    "title":"Mutiny on the Bounty",
    "year":1935,
    "rating":7.8,
    "budget":1950000,
    "budget_adj":33052500
  },
  {
    "oscar_year":1935,
    "title":"It Happened One Night",
    "year":1934,
    "rating":8.3,
    "budget":325000,
    "budget_adj":5700500
  },
  {
    "oscar_year":1934,
    "title":"Cavalcade",
    "year":1933,
    "rating":6.8,
    "budget":1180280,
    "budget_adj":21079801
  },
  {
    "oscar_year":1933,
    "title":"Grand Hotel",
    "year":1932,
    "rating":7.5,
    "budget":700000,
    "budget_adj":11865000
  },
  {
    "oscar_year":1932,
    "title":"Cimarron",
    "year":1931,
    "rating":6.2,
    "budget":1433000,
    "budget_adj":22039540
  },
  {
    "oscar_year":1931,
    "title":"All Quiet on the Western Front",
    "year":1930,
    "rating":8.2,
    "budget":1200000,
    "budget_adj":16896000
  },
  {
    "oscar_year":1930,
    "title":"The Broadway Melody",
    "year":1929,
    "rating":6,
    "budget":379000,
    "budget_adj":5192300
  },
  {
    "oscar_year":1929,
    "title":"Wings",
    "year":1927,
    "rating":7.4,
    "budget":800000,
    "budget_adj":10808000
  }
]