 {
   "t": "0",
   "children": [
     {
       "t": "00",
       "value": 2
     },
     {
       "t": "01",
      "children": [
        {
          "t": "010",
          "value": 1
        },
        {
          "t": "011",
          "value": 1
        },
        {
          "t": "012",
          "value": 1
        },
        {
          "t": "013",
          "value": 1
        }
      ]
    },
    {
      "t": "02",
      "children": [
        {
          "t": "020",
          "value": 2
        },
        {
          "t": "021",
          "value": 1
        },
        {
          "t": "022",
          "value": 1
        },
        {
          "t": "023",
          "value": 1
        },
        {
          "t": "024",
          "value": 1
        },
        {
          "t": "025",
          "value": 2
        }
      ]
    },
    {
      "t": "03",
      "children": [
        {
          "t": "030",
          "value": 2
        },
        {
          "t": "031",
          "value": 2
        },
        {
          "t": "032",
          "value": 2
        },
        {
          "t": "033",
          "value": 2
        }
      ]
    },
    {
      "t": "04",
      "value": 5
    }
  ]
}