[
  {
    "oscar_year":2014,
    "title":"12 Years a Slave",
    "year":2013,
    "rating":8.2,
    "budget":20000000,
    "budget_adj":20000000
  },
  {
    "oscar_year":2013,
    "title":"Argo",
    "year":2012,
    "rating":7.8,
    "budget":44500000,
    "budget_adj":45390000
  },
  {
    "oscar_year":2012,
    "title":"The Artist",
    "year":2011,
    "rating":8,
    "budget":15000000,
    "budget_adj":15600000
  },
  {
    "oscar_year":2011,
    "title":"The King's Speech",
    "year":2010,
    "rating":8.1,
    "budget":15000000,
    "budget_adj":16050000
  },
  {
    "oscar_year":2010,
    "title":"The Hurt Locker",
    "year":2008,
    "rating":7.6,
    "budget":15000000,
    "budget_adj":16350000
  },
  {
    "oscar_year":2009,
    "title":"Slumdog Millionaire",
    "year":2008,
    "rating":8.1,
    "budget":15000000,
    "budget_adj":16350000
  },
  {
    "oscar_year":2008,
    "title":"No Country for Old Men",
    "year":2007,
    "rating":8.2,
    "budget":25000000,
    "budget_adj":28250000
  },
  {
    "oscar_year":2007,
    "title":"The Departed",
    "year":2006,
    "rating":8.5,
    "budget":90000000,
    "budget_adj":104400000
  },
  {
    "oscar_year":2006,
    "title":"Crash",
    "year":2004,
    "rating":8.3,
    "budget":6500000,
    "budget_adj":8060000
  },
  {
    "oscar_year":2005,
    "title":"Million Dollar Baby",
    "year":2004,
    "rating":8.3,
    "budget":30000000,
    "budget_adj":37200000
  },
  {
    "oscar_year":2004,
    "title":"The Lord of the Rings: The Return of the King",
    "year":2003,
    "rating":9,
    "budget":94000000,
    "budget_adj":119380000
  },
  {
    "oscar_year":2003,
    "title":"Chicago",
    "year":2002,
    "rating":7.5,
    "budget":45000000,
    "budget_adj":58500000
  },
  {
    "oscar_year":2002,
    "title":"A Beautiful Mind",
    "year":2001,
    "rating":7.8,
    "budget":60000000,
    "budget_adj":79200000
  },
  {
    "oscar_year":2001,
    "title":"Gladiator",
    "year":2000,
    "rating":8,
    "budget":103000000,
    "budget_adj":140080000
  },
  {
    "oscar_year":2000,
    "title":"American Beauty",
    "year":1999,
    "rating":8.5,
    "budget":15000000,
    "budget_adj":21000000
  },
  {
    "oscar_year":1999,
    "title":"Shakespeare in Love",
    "year":1998,
    "rating":7.5,
    "budget":25000000,
    "budget_adj":35750000
  },
  {
    "oscar_year":1998,
    "title":"Titanic",
    "year":1997,
    "rating":6.9,
    "budget":200000000,
    "budget_adj":292000000
  },
  {
    "oscar_year":1997,
    "title":"The English Patient",
    "year":1996,
    "rating":7.1,
    "budget":27000000,
    "budget_adj":40230000
  },
  {
    "oscar_year":1996,
    "title":"Braveheart",
    "year":1995,
    "rating":8.3,
    "budget":53000000,
    "budget_adj":81090000
  },
  {
    "oscar_year":1995,
    "title":"Forrest Gump",
    "year":1994,
    "rating":8.2,
    "budget":55000000,
    "budget_adj":86900000
  },
  {
    "oscar_year":1994,
    "title":"Schindler's List",
    "year":1993,
    "rating":8.8,
    "budget":25000000,
    "budget_adj":40500000
  },
  {
    "oscar_year":1993,
    "title":"Unforgiven",
    "year":1992,
    "rating":8.1,
    "budget":14400000,
    "budget_adj":24048000
  },
  {
    "oscar_year":1992,
    "title":"The Silence of the Lambs",
    "year":1991,
    "rating":8.5,
    "budget":19000000,
    "budget_adj":32680000
  },
  {
    "oscar_year":1991,
    "title":"Dances With Wolves",
    "year":1990,
    "rating":7.8,
    "budget":19000000,
    "budget_adj":34010000
  },
  {
    "oscar_year":1990,
    "title":"Driving Miss Daisy",
    "year":1989,
    "rating":7.4,
    "budget":7500000,
    "budget_adj":14175000
  },
  {
    "oscar_year":1989,
    "title":"Rain Man",
    "year":1988,
    "rating":7.9,
    "budget":25000000,
    "budget_adj":49500000
  },
  {
    "oscar_year":1988,
    "title":"The Last Emperor",
    "year":1987,
    "rating":7.7,
    "budget":25000000,
    "budget_adj":51500000
  },
  {
    "oscar_year":1987,
    "title":"Platoon",
    "year":1986,
    "rating":8.1,
    "budget":6000000,
    "budget_adj":12780000
  },
  {
    "oscar_year":1986,
    "title":"Out of Africa",
    "year":1985,
    "rating":6.9,
    "budget":31000000,
    "budget_adj":67270000
  },
  {
    "oscar_year":1985,
    "title":"Amadeus",
    "year":1984,
    "rating":8.3,
    "budget":18000000,
    "budget_adj":40500000
  },
  {
    "oscar_year":1984,
    "title":"Terms of Endearment",
    "year":1983,
    "rating":7.3,
    "budget":8000000,
    "budget_adj":18800000
  },
  {
    "oscar_year":1983,
    "title":"Gandhi",
    "year":1982,
    "rating":8,
    "budget":22000000,
    "budget_adj":53240000
  },
  {
    "oscar_year":1982,
    "title":"Chariots of Fire",
    "year":1981,
    "rating":7.3,
    "budget":5500000,
    "budget_adj":14135000
  },
  {
    "oscar_year":1981,
    "title":"Ordinary People",
    "year":1980,
    "rating":7.9,
    "budget":6000000,
    "budget_adj":17040000
  },
  {
    "oscar_year":1980,
    "title":"Kramer vs. Kramer",
    "year":1979,
    "rating":7.5,
    "budget":0,
    "budget_adj":0
  }
]